"Nº","NOMBRE","PRESENTACIÓN DE ESCRITURA (Art.5°)","REPAROS
A ESCRITURA DE
CONSTITUCIÓN
(Art.5º, inc.3°)","","PARTIDO EN
FORMACIÓN
(Art.5º, inc.4º)","","CADUCIDAD POR NO PRESENTAR AFILIADOS
EN PLAZO LEGAL
(Art.7°)","","INSCRIPCIÓN EN REGISTRO DE PARTIDOS POLÍTICOS
(Art.14º, inc.1º)","","","DISOLUCIÓN
(Art.42º)","PARTIDOS ACTIVOS Y TIEMPO DE VIGENCIA (Hasta 6 de junio de 2024)","TIEMPO DE EXISTENCIA DEL PARTIDO","years","months","days","Meses de vida","Idia","Imes","Iaño","Ddia","Dmes","Dyear","Fecha Inicio","Fecha Disolución"
"1"," PARTIDO NACIONAL","14.04.87","08.04.87","","24.04.87","","","","04.01.88","","","17.07.90
","","3 AÑOS, 3 MESES Y 3 DÍAS","3","3","3","39","14","4","1987","17","7","1990","1987/04/14","1990/07/17"
"2"," PARTIDO RADICAL SOCIALISTA DEMOCRÁTICO","01.05.87","","","06.07.88","","","","05.04.89","","","09.05.90","","3 AÑOS, 0 MESES Y 8 DÍAS","3","0","8","36","1","5","1987","9","5","1990","1987/05/01","1990/05/09"
"3"," RENOVACIÓN NACIONAL (RN)","04.05.87","","","09.05.87","","","","08.02.88","","","","37 AÑOS, 1 MES Y 2 DÍAS ","","37","1","2","445","4","5","1987","","","","1987/05/04","#NUM!"
"4"," DEMOCRACIA RADICAL","12.05.87","","","22.05.87","","","","25.02.88","","","17.07.90","","3 AÑOS, 2 MESES Y 5 DÍAS","3","2","5","38","12","5","1987","17","7","1990","1987/05/12","1990/07/17"
"5"," AVANZADA NACIONAL","26.05.87","23.04.87","","29.05.87","","","","29.01.88","","","17.07.90","","3 AÑOS, 1 MES Y 19 DÍAS","3","1","19","37","26","5","1987","17","7","1990","1987/05/26","1990/07/17"
"6"," PARTIDO SOCIALISTA HISTÓRICO","11.06.87","28.12.88","","27.01.89","","05.10.89","","20.06.88","","","09.05.90","","2 AÑOS, 10 MESES Y 27 DÍAS","2","10","27","34","11","6","1987","9","5","1990","1987/06/11","1990/05/09"
"7"," SOCIAL DEMOCRACIA CHILENA","02.07.87","22.06.87","","11.07.87","","","","","","","20.10.88","","1 AÑO, 3 MESES Y 18 DÍAS","1","3","18","15","2","7","1987","20","10","1988","1987/07/02","1988/10/20"
"8"," SOCIALISTA CHILENO","15.09.87","19.06.87","","","","","","20.06.88","","","09.05.90","","2 AÑOS, 7 MESES Y 23 DÍAS","2","7","23","31","15","9","1987","9","5","1990","1987/09/15","1990/05/09"
"9"," PARTIDO DEMÓCRATA CRISTIANO (DC)","15.09.87","","","25.09.87","","","","02.05.88","","","","36 AÑOS, 8 MESES Y 20 DÍAS","","36","8","20","440","15","9","1987","","","","1987/09/15",""
"10"," PARTIDO POR LA DEMOCRACIA (PPD)","15.12.87","","","30.12.87","","","","09.05.88","","","","36 AÑOS, 5 MESES Y 19 DÍAS","","36","5","19","437","15","12","1987","","","","1987/12/15",""
"11"," PARTIDO RADICAL DE CHILE","30.12.87","","","08.01.88","","","","24.06.88","","","18.08.94","","6 AÑOS, 7 MESES Y 16 DÍAS","6","7","16","79","30","12","1987","18","8","1994","1987/12/30","1994/08/18"
"12"," PARTIDO DEMOCRÁTICO NACIONAL","30.12.87","","","08.02.88","","12.09.88","","","","","12.09.88","","0 AÑOS, 8 MESES Y 10 DÍAS","0","8","10","8","30","12","1987","12","9","1988","1987/12/30","1988/09/12"
"13"," LOS VERDES","19.02.88","","","04.03.88","","","","14.07.88","","","24.07.90","","2 AÑOS, 5 MESES Y 5 DÍAS","2","5","5","29","19","2","1988","24","7","1990","1988/02/19","1990/07/24"
"14"," LOS JUBILADOS","16.06.88","16.08.88","","23.08.88","","29.03.89","","","","","29.03.89","","0 AÑOS, 9 MESES Y 13 DÍAS","0","9","13","9","16","6","1988","29","3","1989","1988/06/16","1989/03/29"
"15"," PARTIDO LIBERAL DEMÓCRATA DE CHILE","16.06.88","24.06.88","","11.07.88","","14.02.89","","27.07.88","","","27.02.89","","0 AÑOS, 8 MESES Y 11 DÍAS","0","8","11","8","16","6","1988","27","2","1989","1988/06/16","1989/02/27"
"16"," PARTIDO DEMOCRÁTICO DE CHILE","16.06.88","24.06.88","","27.07.88","","28.02.89","","","","","27.02.89","","0 AÑOS, 8 MESES Y 11 DÍAS ","0","8","11","8","16","6","1988","27","2","1989","1988/06/16","1989/02/27"
"17"," NEO-LIBERAL","23.09.88","20.11.02","","","","","","","","","08.06.94","","","","","","69","23","9","1988","8","6","1994","1988/09/23","1994/06/08"
"18"," PARTIDO SOCIAL DEMÓCRATA","21.10.88","27.10.88","","08.11.88","","15.06.89","","28.11.88","","","27.02.90","","1 AÑO, 4 MESES Y 6 DÍAS","1","4","6","16","21","10","1988","27","2","1990","1988/10/21","1990/02/27"
"19"," UNIÓN DEMÓCRATA INDEPENDIENTE (UDI)","22.10.88","02.11.88","","15.11.88","","","","03.05.89","","","","35 AÑOS, 7 MESES Y 12 DÍAS","","35","7","12","427","22","10","1988","","","1900","1988/10/22",""
"20"," PARTIDO AMPLIO DE IZQUIERDA SOCIALISTA","17.12.88","28.11.88","","17.12.88","","","","15.04.89","","","09.05.90","","1 AÑO, 4 MESES Y 20 DÍAS","1","4","20","16","17","12","1988","9","5","1990","1988/12/17","1990/05/09"
"21"," UNIÓN SOCIAL DEL PUEBLO","03.03.89","20.11.02","","","","","","","","","","","","","","","0","3","3","1989","3","3","1989","1989/03/03","1989/03/03"
"22"," PARTIDO LIBERAL DEMOCRÁTICO DOCTRINARIO","09.03.89","16.03.89","","","","","","","","","","","","","","","0","9","3","1989","9","3","1989","1989/03/09","1989/03/09"
"23"," SOCIAL DEMOCRACIA PROGRESISTA","10.03.89","10.11.88","","03.04.89","","30.06.89","","01.04.91","","","30.06.89","","0 AÑOS, 3 MESES Y 20 DÍAS","0","3","20","3","10","3","1989","30","6","1989","1989/03/10","1989/06/30"
"24"," PARTIDO ACCIÓN NACIONAL INDEPENDIENTE","03.04.89","20.11.02","","","","","","","","","","","","","","","0","3","4","1989","3","4","1989","1989/04/03","1989/04/03"
"25"," PARTIDO SOCIAL DEMÓCRATA DOCTRINARIO","11.04.89","20.11.02","","","","","","","","","","","","","","","0","11","4","1989","11","4","1989","1989/04/11","1989/04/11"
"26"," PARTIDO DE LA TIERRA Y LA IDENTIDAD","11.05.89","20.11.02","","","","","","","","","","","","","","","0","11","5","1989","11","5","1989","1989/05/11","1989/05/11"
"27"," MOVIMIENTO  AL SOCIALISMO","23.05.89","21.03.89","","26.06.89","","29.01.90","","","","","29.01.90","","0 AÑOS, 8 MESES Y 6 DÍAS","0","8","6","8","23","5","1989","29","1","1990","1989/05/23","1990/01/29"
"28"," PARTIDO SOCIALDEMÓCRATA","14.08.89","28.06.89","","24.08.89","","28.03.90","","","","","28.03.90","","0 AÑOS, 7 MESES Y 14 DÍAS","0","7","14","7","14","8","1989","28","3","1990","1989/08/14","1990/03/28"
"29"," MOVIMIENTO ECOLOGISTA INTEGRAL","27.12.89","","","","","","","","","","","","","","","","0","27","12","1989","27","12","1989","1989/12/27","1989/12/27"
"30"," PARTIDO TERCERA REPÚBLICA","24.01.90","13.11.89","","02.02.90","","06.11.90","","","","","06.11.90","","0 AÑOS, 9 MESES Y 11 DÍAS","0","9","11","9","24","1","1990","6","11","1990","1990/01/24","1990/11/06"
"31"," PARTIDO SOLIDARIDAD NACIONAL","13.03.90","06.12.89","","30.03.90","","09.11.90","","","","","09.11.90","","0 AÑOS, 7 MESES Y 22 DÍAS","0","7","22","7","13","3","1990","9","11","1990","1990/03/13","1990/11/09"
"32"," PARTIDO COMUNISTA DE CHILE","26.03.90","13.03.90","","04.04.90","","","","31.12.90","","","28.05.10","","20 AÑOS, 2 MESES Y 2 DÍAS","20","2","2","242","26","3","1990","28","5","2010","1990/03/26","2010/05/28"
"33"," PARTIDO SOCIALISTA DE CHILE (PS)","26.03.90","15.03.90","","30.03.90","","","","19.12.90","","","","34 AÑOS, 2 MESES Y 6 DÍAS","","34","2","6","410","26","3","1990","","","","1990/03/26",""
"34"," PARTIDO MAPU OBRERO CAMPESINO","17.04.90","23.04.90","","","","","","","","","08.06.94","","4 AÑOS, 1 MES Y 20 DÍAS","4","1","20","49","17","4","1990","8","6","1994","1990/04/17","1994/06/08"
"35"," PARTIDO ALIANZA HUMANISTA-VERDE Fusión de Partidos Humanista y Los Verdes","29.05.90","11.05.90","","11.06.90","","","","23.07.90","","","22.08.94","","4 AÑOS, 2 MESES Y 21 DÍAS","4","2","21","50","29","5","1990","22","8","1994","1990/05/29","1994/08/22"
"36"," PARTIDO LIBERAL Es fusión de Partidos del Sur y Liberal","29.05.90","11.05.90","","04.06.90","","","","17.07.90","","","08.06.94","","4 AÑOS, 0 MESES Y 7 DÍAS","4","0","7","48","29","5","1990","8","6","1994","1990/05/29","1994/06/08"
"37"," PARTIDO DEMOCRACIA NACIONAL DE CENTRO Fusión de Partidos Nacional, Avanzada Nacional y Democracia Radical","29.05.90","14.05.90","","04.06.90","","","","17.07.90","","","18.08.94","","4 AÑOS, 2 MESES Y 17 DÍAS","4","2","17","50","29","5","1990","18","8","1994","1990/05/29","1994/08/18"
"38"," PARTIDO UNIÓN DE CENTRO-CENTRO","12.07.90","10.04.90","","21.07.90","","","","26.02.91","","","18.08.94
","","4 AÑOS, 1 MES Y 6 DÍAS","4","1","6","49","12","7","1990","18","8","1994","1990/07/12","1994/08/18"
"39"," PARTIDO SOCIALDEMOCRACIA CHILENA","29.10.90","25.10.90","","03.11.90","","","","01.04.91","","","18.08.94
","","3 AÑOS, 9 MESES Y 17 DÍAS","3","9","17","45","29","10","1990","18","8","1994","1990/10/29","1994/08/18"
"40"," PARTIDO MOVIMIENTO DE ACCIÓN POPULAR UNITARIA <<MAPU>>","31.05.91","27.05.91","","06.06.91","","","","15.06.92","","","08.06.94","","3 AÑOS, 0 MESES Y 5 DÍAS","3","0","5","36","31","5","1991","8","6","1994","1991/05/31","1994/06/08"
"41"," MOVIMIENTO PUEBLO SOCIALISTA","13.08.92","06.10.92","","12.01.93","","06.09.93","","","","","06.09.93","","1 AÑO, 0 MESES Y 22 DÍAS","1","0","22","12","13","8","1992","6","9","1993","1992/08/13","1993/09/06"
"42"," PARTIDO FUERZA AMPLIA DE IZQUIERDA","25.09.92","24.08.92","","20.10.92","","22.05.93","","","","","22.05.93","","0 AÑOS, 7 MESES Y 26 DÍAS","0","7","26","7","25","9","1992","22","5","1993","1992/09/25","1993/05/22"
"43"," PARTIDO LIBERAL DEMOCRÁTICO","04.11.92","10.11.92","","13.01.93","","21.09.93","","","","","21.09.93","","0 AÑOS, 10 MESES Y 17 DÍAS ","0","10","17","10","4","11","1992","21","9","1993","1992/11/04","1993/09/21"
"44"," MOVIMIENTO PROGRESISTA INDEPENDIENTE","07.01.93","28.12.92","","17.03.93","","25.06.93","","","","","25.06.93","","0 AÑOS, 5 MESES Y 18 DÍAS","0","5","18","5","7","1","1993","25","6","1993","1993/01/07","1993/06/25"
"45"," PARTIDO DE LA LIBERACIÓN NACIONAL Y DE ACCIÓN PATRIÓTICA UNITARIA «PLNAPU»","12.01.93","18.01.93","","","","","","","","","","","","","","","0","12","1","1993","12","1","1993","1993/01/12","1993/01/12"
"46"," MOVIMIENTO PUEBLO SOCIALISTA","14.01.93","19.11.92","","03.02.93","","09.09.93","","","","","09.09.93","","0 AÑOS, 7 MESES Y 24 DÍAS","0","7","24","7","14","1","1993","9","9","1993","1993/01/14","1993/09/09"
"47"," PARTIDO LIBERAL CHILENO","20.01.93","26.01.93","","","","","","","","","08.06.94","","1 AÑO, 4 MESES Y 17 DÍAS","1","4","17","16","20","1","1993","8","6","1994","1993/01/20","1994/06/08"
"48"," PARTIDO ALIANZA CENTRO","28.01.93","31.12.92","","19.02.93","","20.10.93","","","","","20.10.93","","0 AÑOS, 8 MESES Y 21 DÍAS","0","8","21","8","28","1","1993","20","10","1993","1993/01/28","1993/10/20"
"49"," PARTIDO LIBERAL DEMOCRÁTICO","29.01.93","24.11.92","","17.02.93","","23.09.93","","","","","23.09.93","","0 AÑOS, 7 MESES Y 23 DÍAS ","0","7","23","7","29","1","1993","23","9","1993","1993/01/29","1993/09/23"
"50"," PARTIDO DE LOS TRABAJADORES Y EL PUEBLO DE CHILE","12.02.93","","","26.02.93","","30.09.93","","","","","30.09.93","","0 AÑOS, 7 MESES Y 18 DÍAS","0","7","18","7","12","2","1993","30","9","1993","1993/02/12","1993/09/30"
"51"," PARTIDO OPCIÓN DE CENTRO","07.04.93","14.04.93","","","","","","","","","","","","","","","0","7","4","1993","7","4","1993","1993/04/07","1993/04/07"
"52"," MOVIMIENTO ECOLOGISTA","23.04.93","22.04.93","","30.04.93","","","","25.06.93","","","22.08.94","","1 AÑO, 3 MESES Y 28 DÍAS","1","3","28","15","23","4","1993","22","8","1994","1993/04/23","1994/08/22"
"53"," PARTIDO HUMANISTA DE CHILE","03.01.94","09.12.93","","14.01.94","","19.08.94","","","","","19.08.94","","0 AÑOS, 7 MESES Y 16 DÍAS","0","7","16","7","3","1","1994","19","8","1994","1994/01/03","1994/08/19"
"54"," PARTIDO DEMOCRÁTICO DE IZQUIERDA","18.01.94","03.12.93","","24.01.94","","29.08.94","","","","","29.08.94","","0 AÑOS, 7 MESES Y 11 DÍAS","0","7","11","7","18","1","1994","29","8","1994","1994/01/18","1994/08/29"
"55"," PARTIDO DEMOCRÁTICO","01.02.94","19.01.94","","17.02.94","","24.09.94","","","","","24.09.94","","0 AÑOS, 7 MESES Y 23 DÍAS ","0","7","23","7","1","2","1994","24","9","1994","1994/02/01","1994/09/24"
"56"," CONCERTACIÓN DE IZQUIERDA CRISTIANA","23.03.94","29.03.94","","","","","","","","","","","","","","","0","23","3","1994","23","3","1994","1994/03/23","1994/03/23"
"57"," IZQUIERDA CRISTIANA POR LA PARTICIPACIÓN DEMOCRÁTICA","01.06.94","09.05.94","","13.06.94","","13.01.95","","","","","13.01.95","","0 AÑOS, 7 MESES Y 12 DÍAS","0","7","12","7","1","6","1994","13","1","1995","1994/06/01","1995/01/13"
"58"," PARTIDO UNIÓN DE CENTRO CENTRO PROGRESISTA","15.06.94","08.06.94","","07.07.94","","","","18.08.94","","","19.06.98","","4 AÑOS, 0 MESES Y 4 DÍAS","4","0","4","48","15","6","1994","19","6","1998","1994/06/15","1998/06/19"
"59"," ALIANZA HUMANISTA VERDE","20.06.94","10.06.94","","09.07.94","","","","22.08.94","","","23.06.98","","4 AÑOS, 0 MESES Y 3 DÍAS","4","0","3","48","20","6","1994","23","6","1998","1994/06/20","1998/06/23"
"60"," PARTIDO UNIÓN DE CENTRO LIBERAL","22.06.94","31.05.94","","08.07.94","","","","27.03.95","","","19.06.98","","3 AÑOS, 11 MESES Y 26 DÍAS","3","11","26","47","22","6","1994","19","6","1998","1994/06/22","1998/06/19"
"61"," PARTIDO RADICAL SOCIALDEMÓCRATA Fusión de Partido","24.06.94","13.06.94","","06.07.94","","","","18.08.94","","","","29 AÑOS, 11 MESES Y 11 DÍAS","","29","11","11","359","24","6","1994","","","","1994/06/24",""
"62"," PARTIDO DEL SUR","09.08.94","26.08.94","","08.10.94","","","","21.08.95","","","23.06.98","","3 AÑOS, 10 MESES Y 14 DÍAS","3","10","14","46","9","8","1994","23","6","1998","1994/08/09","1998/06/23"
"63"," ALIANZA NACIONAL INDEPENDIENTE","01.09.95","05.09.95","","30.09.95","","02.05.96","","","","","02.05.96","","0 AÑOS, 8 MESES Y 1 DÍA","0","8","1","8","1","9","1995","2","5","1996","1995/09/01","1996/05/02"
"64"," NUEVA ALIANZA POPULAR","28.12.95","05.12.95","","30.01.96","","","","13.09.96","","","23.06.98","","2 AÑOS, 5 MESES Y 23 DÍAS","2","5","23","29","28","12","1995","23","6","1998","1995/12/28","1998/06/23"
"65"," PARTIDO DE IZQUIERDA CRISTIANA CHILENA","05.01.96","28.12.95","","02.02.96","","27.09.96","","","","","27.09.96","","0 AÑOS, 8 MESES Y 22 DÍAS","0","8","22","8","5","1","1996","27","9","1996","1996/01/05","1996/09/27"
"66"," ALIANZA NACIONAL","22.03.96","20.11.02","","","","","","","","","","","","","","","0","22","3","1996","22","3","1996","1996/03/22","1996/03/22"
"67"," PARTIDO IZQUIERDA VEINTIUNO","06.03.97","13.03.97","","08.09.97","","19.06.98","","07.11.97","","","19.06.98","","1 AÑO, 3 MESES Y 13 DÍAS","1","3","13","15","6","3","1997","19","6","1998","1997/03/06","1998/06/19"
"68"," PARTIDO UNIÓN DE CENTRO CENTRO Fusión de Partido Unión de Centro Liberal y Partido Unión de Centro Centro Progresista","23.04.98","14.04.98","","07.05.98","","","","19.06.98","","","03.05.02
","","4 AÑOS, 0 MESES Y 9 DÍAS","4","0","9","48","23","4","1998","3","5","1902","1998/04/23","1902/05/03"
"69"," PARTIDO DEMOCRÁTICO NACIONAL <<PADENA>>","25.07.98","23.07.98","","13.10.98","","18.05.99","","","","","18.05.99","","0 AÑOS, 9 MESES Y 21 DÍAS","0","9","21","9","25","7","1998","18","5","1999","1998/07/25","1999/05/18"
"70"," PARTIDO HUMANISTA (PH)","24.08.98","01.02.23","","09.09.98","","","","31.03.23","","","","25 AÑOS, 9 MESES Y 11 DÍAS","","25","9","11","309","24","8","1998","","","","1998/08/24",""
"71"," PARTIDO REGIONALISTA","13.10.98","25.10.98","","","","","","","","","","","","","","","0","13","10","1998","13","10","1998","1998/10/13","1998/10/13"
"72"," PARTIDO ALTERNATIVA DE CAMBIO","10.03.99","15.02.99","","23.03.99","","25.10.99","","","","","25.10.99","","0 AÑOS, 7 MESES Y 15 DÍAS","0","7","15","7","10","3","1999","25","10","1999","1999/03/10","1999/10/25"
"73"," PARTIDO NUEVA DEMOCRACIA","07.04.99","14.04.99","","","","","","","","","","","","","","","0","7","4","1999","7","4","1999","1999/04/07","1999/04/07"
"74"," PARTIDO DE LAS REGIONES","24.07.00","07.07.00","","09.09.00","","10.04.01","","","","","10.04.01","","0 AÑOS, 8 MESES Y 14 DÍAS","0","8","14","8","24","7","2000","10","4","2001","2000/07/24","2001/04/10"
"75"," ALIANZA NACIONAL DE LOS INDEPENDIENTES","09.07.01","14.06.01","","20.08.01","","","","17.05.02","","","04.07.06","","4 AÑOS, 11 MESES Y 23 DÍAS","4","11","23","59","9","7","2001","4","7","2006","2001/07/09","2006/07/04"
"76"," PARTIDO POR EL TRABAJO","23.07.01","09.07.01","","31.07.01","","","","24.12.01","","","26.06.02","","0 AÑOS, 11 MESES Y 3 DÍAS","0","11","3","11","23","7","2001","26","6","2002","2001/07/23","2002/06/26"
"77"," PARTIDO POPULAR DE CHILE","07.11.01","20.11.02","","","","","","","","","","","","","","","0","7","11","2001","7","11","2001","2001/11/07","2001/11/07"
"78"," PARTIDO HUMANISTA Fusión de Partido Humanista","02.05.02","","","14.05.02","","","","26.06.02","","","01.06.06","","4 AÑOS, 0 MESES Y 27 DÍAS","4","0","27","48","2","5","2002","1","6","2006","2002/05/02","2006/06/01"
"79"," PARTIDO ALIANZA REGIONALISTA LIBERAL","04.04.03","24.03.03","","03.05.03","","15.12.03","","","","","15.12.03","","0 AÑOS, 8 MESES Y 10 DÍAS","0","8","10","8","4","4","2003","15","12","2003","2003/04/04","2003/12/15"
"80"," NUEVA FUERZA NACIONAL","20.10.03","15.10.03","","28.10.03","","11.06.04","","","","","11.06.04","","0 AÑOS, 7 MESES Y 19 DÍAS","0","7","19","7","20","10","2003","11","6","2004","2003/10/20","2004/06/11"
"81"," PARTIDO LIBERAL","06.11.03","13.11.03","","17.01.03","","15.12.03","","","","","15.12.03","","0 AÑOS, 1 MES Y 9 DÍAS","0","1","9","1","6","11","2003","15","12","2003","2003/11/06","2003/12/15"
"82"," PARTIDO DE ACCIÓN REGIONALISTA DE CHILE","11.02.04","03.02.04","","27.02.04","","","","04.07.05","","","04.07.06","","2 AÑOS, 4 MESES Y 22 DÍAS","2","4","22","28","11","2","2004","4","7","2006","2004/02/11","2006/07/04"
"83"," CHILEVE","27.02.04","16.04.04","","16.07.03","","12.04.04","","","","","12.04.04","","0 AÑOS, 1 MES Y 14 DÍAS","0","1","14","1","27","2","2004","12","4","2004","2004/02/27","2004/04/12"
"84"," PARTIDO PROGRESISTA DE CHILE","30.03.05","08.04.05","","","","","","","","","03.02.22","","16 AÑOS, 10 MESES Y 5 DÍAS","16","10","5","202","30","3","2005","3","2","2022","2005/03/30","2022/02/03"
"85"," PARTIDO REGIONALISTA INDEPENDIENTE (PRI)","15.05.06","","","20.05.06","","","","04.07.06","","","20.02.18","","11 AÑOS, 8 MESES Y 5 DÍAS","11","8","5","140","15","5","2006","20","2","2018","2006/05/15","2018/02/20"
"86"," PARTIDO ECOLOGISTA VERDE DE CHILE","22.12.06","29.01.07","","05.06.14","","","","21.01.08","","","03.02.22","","15 AÑOS, 1 MES Y 9 DÍAS ","15","1","9","181","22","12","2006","3","2","2022","2006/12/22","2022/02/03"
"87"," MOVIMIENTO UNITARIO NACIONAL","26.09.07","","","22.10.07","","29.05.08","","","","","29.05.08","","0 AÑOS, 8 MESES Y 3 DÍAS","0","8","3","8","26","9","2007","29","5","2008","2007/09/26","2008/05/29"
"88"," CHILE PRIMERO","31.10.07","31.10.07","","07.11.07","","","","27.10.08","","","22.04.10","","2 AÑOS, 5 MESES Y 19 DÍAS","2","5","19","29","31","10","2007","22","4","2010","2007/10/31","2010/04/22"
"89"," PARTIDO LABORISTA DE ACCIÓN CIUDADANA","05.11.07","13.11.07","","","","","","","","","","","","","","","0","5","11","2007","","","2000","2007/11/05","1999/11/30"
"90"," PARTIDO IZQUIERDA CRISTIANA DE CHILE","14.11.07","12.11.07","","10.12.07","","","","04.07.08","","","22.04.10","","2 AÑOS, 5 MESES Y 8 DÍAS","2","5","8","29","14","11","2007","22","4","2010","2007/11/14","2010/04/22"
"91"," FUERZA PAÍS","20.11.07","07.11.07","","10.12.07","","","","13.06.08","","","22.04.10","","2 AÑOS, 5 MESES Y 2 DÍAS","2","5","2","29","20","11","2007","22","4","2010","2007/11/20","2010/04/22"
"92"," PUEBLO EN LUCHA (Se modifica denominación) SOL-PARTIDO DEL PUEBLO","04.04.08","02.08.07","","12.05.08","","16.12.08","","","","","16.12.08","","0 AÑOS, 8 MESES Y 12 DÍAS ","0","8","12","8","4","4","2008","16","12","2008","2008/04/04","2008/12/16"
"93"," MOVIMIENTO DEMOCRÁTICO DE LOS PUEBLOS"," 08.05.08","24.01.08","","02.09.08","","08.04.09","","","","","08.04.09","","0 AÑOS, 11 MESES Y 0 DÍAS","0","11","0","11","8","5","2008","8","4","2009","2008/05/08","2009/04/08"
"94"," MOVIMIENTO AMPLIO SOCIAL (MAS)"," 18.11.08","23.10.08","","13.12.08","","","","22.06.09","","","14.06.18","","9 AÑOS, 6 MESES Y 25 DÍAS","9","6","25","114","18","11","2008","14","6","2018","2008/11/18","2018/06/14"
"95"," PARTIDO HUMANISTA DEL NORTE","29.01.09","01.09.05","","18.02.09","","","","28.10.09","","","31.05.10","","1 AÑO, 4 MESES Y 2 DÍAS","1","4","2","16","29","1","2009","31","5","2010","2009/01/29","2010/05/31"
"96"," PARTIDO ADULTO MAYOR","15.04.09","03.04.09","","28.04.09","","02.12.09","","","","","02.12.09","","0 AÑOS, 7 MESES Y 16 DÍAS ","0","7","16","7","15","4","2009","2","12","2009","2009/04/15","2009/12/02"
"97"," PARTIDO DE LOS TRABAJADORES DE CHILE","08.09.09","26.08.09","","25.09.09","","","","24.03.10","","","28.05.10","","0 AÑOS, 8 MESES Y 20 DÍAS","0","8","20","8","8","9","2009","28","5","2010","2009/09/08","2010/05/28"
"98"," PARTIDO ECOLOGISTA DEL SUR","15.10.09","26.08.09","","03.11.09","","","","12.07.10","","","18.07.11","","1 AÑO, 9 MESES Y 3 DÍAS","1","9","3","21","15","10","2009","18","7","2011","2009/10/15","2011/07/18"
"99"," MOVIMIENTO SOCIAL DEL NORTE","07.01.10","","","19.01.10","","","","09.04.10","","","03.06.10","","0 AÑOS, 4 MESES Y 25 DÍAS","0","4","25","4","7","1","2010","3","6","2010","2010/01/07","2010/06/03"
"100"," PARTIDO IGUALDAD","26.01.10","07.11.09","","30.11.09","","","","20.10.23","","","","14 AÑOS, 4 MESES Y 9 DÍAS","","14","4","9","172","26","1","2010","","","","2010/01/26",""
"101"," PARTIDO HUMANISTA Fusión del Partido Humanista","31.03.10","","","17.04.10","","","","31.05.10","","","20.08.16","","6 AÑOS, 4 MESES Y 15 DÍAS","6","4","15","76","31","3","2010","20","8","2016","2010/03/31","2016/08/20"
"102"," PARTIDO COMUNISTA DE CHILE","07.04.10","","","14.04.10","","","","28.05.10","","","","14 AÑOS, 1 MES Y 28 DÍAS","","14","1","28","169","7","4","2010","","","","2010/04/07",""
"103"," PARTIDO AIRE","12.04.10","25.05.10","","02.06.10","","27.01.11","","","","","27.01.11","","0 AÑOS, 9 MESES Y 15 DÍAS","0","9","15","9","12","4","2010","27","1","2011","2010/04/12","2011/01/27"
"104"," MOVIMIENTO AMPLIO SOCIAL Fusión del partido","16.04.10","","","21.04.10","","","","03.06.10","","","12.05.14","","4 AÑOS, 0 MESES Y 25 DÍAS","4","0","25","48","16","4","2010","12","5","2014","2010/04/16","2014/05/12"
"105"," PARTIDO PROGRESISTA","10.05.10","19.07.11","","15.04.11","","","","13.01.12","","","15.12.17","","7 AÑOS, 7 MESES Y 5 DÍAS","7","7","5","91","10","5","2010","15","12","2017","2010/05/10","2017/12/15"
"106"," ALIANZA INDEPENDIENTE","25.05.10","22.04.10","","17.06.10","","","","","","","26.05.14","","4 AÑOS, 0 MESES Y 1 DÍA","4","0","1","48","25","5","2010","26","5","2014","2010/05/25","2014/05/26"
"107"," FUERZA INDEPENDIENTE NACIONAL","08.11.10","01.10.10","","","","31.08.11","","","","","31.08.11","","0 AÑOS, 9 MESES Y 23 DÍAS","0","9","23","9","8","11","2010","31","8","2011","2010/11/08","2011/08/31"
"108"," WALLMAPUWEN","15.11.10","29.10.10","","18.11.10","","21.07.11","","","","","29.07.11","","0 AÑOS, 8 MESES Y 14 DÍAS","0","8","14","8","15","11","2010","29","7","2011","2010/11/15","2011/07/29"
"109"," ECOLOGISTA VERDE DEL NORTE ","13.06.11","23.07.11","","02.09.11","","17.02.14","","15.06.12","","","17.02.14","","2 AÑOS, 8 MESES Y 14 DÍAS","2","8","14","32","13","6","2011","17","2","2014","2011/06/13","2014/02/17"
"110"," FUERZA DEL NORTE","14.06.11","","","","","","","18.07.12","","","12.05.14","","2 AÑOS, 10 MESES Y 27 DÍAS","2","10","27","34","14","6","2011","12","5","2014","2011/06/14","2014/05/12"
"111"," PARTIDO ANTICORRUPCIÓN CHILE","02.08.11","","","","","27.12.18","","","","","27.12.18","","7 AÑOS, 4 MESES Y 25 DÍAS","7","4","25","88","2","8","2011","27","12","2018","2011/08/02","2018/12/27"
"112"," PARTIDO DE TRABAJADORES REVOLUCIONARIOS","11.11.11","","","08.06.17","","","","13.05.24","","","","12 AÑOS, 6 MESES Y 24 DÍAS","","12","6","24","150","11","11","2011","","","","2011/11/11",""
"113"," REVOLUCIÓN DEMOCRÁTICA (RD)","07.01.12","27.12.12","","","","","","22.06.16","","","","12 AÑOS, 4 MESES Y 28 DÍAS","","12","4","28","148","7","1","2012","","","","2012/01/07",""
"114"," IZQUIERDA CIUDADANA ","26.07.12","31.07.15","","22.04.15","","","","13.08.15","","","14.06.18","","5 AÑOS, 10 MESES Y 16 DÍAS","5","10","16","70","26","7","2012","14","6","2018","2012/07/26","2018/06/14"
"115"," PARTIDO CRISTIANO CIUDADANO ","27.09.12","","","","","18.01.18","","","","","18.01.18","","5 AÑOS, 3 MESES Y 20 DÍAS","5","3","20","63","27","9","2012","18","1","2018","2012/09/27","2018/01/18"
"116"," FUERZA SOLIDARIA","08.10.12","03.12.12","","","","18.11.13","","12.12.12","","","06.03.15","","2 AÑOS, 4 MESES Y 26 DÍAS","2","4","26","28","8","10","2012","6","3","2015","2012/10/08","2015/03/06"
"117"," EVOLUCIÓN POLÍTICA (EVÓPOLI)","12.12.12","15.01.16","","01.04.16","","","","13.04.16","","","","11 AÑOS, 5 MESES Y 22 DÍAS","","11","5","22","137","12","12","2012","","","","2012/12/12",""
"118"," PARTIDO LIBERAL DE CHILE","26.01.13","","","02.02.16","","","","13.11.18","","","","11 AÑOS, 4 MESES Y 9 DÍAS","","11","4","9","136","26","1","2013","","","","2013/01/26",""
"119"," IZQUIERDA UNIDA","06.02.13","06.04.13","","","","21.12.13","","24.04.13","","","30.12.13","","0 AÑOS, 10 MESES Y 24 DÍAS","0","10","24","10","6","2","2013","30","12","2013","2013/02/06","2013/12/30"
"120"," CHILE INDEPENDIENTE","08.04.13","20.08.13","","26.08.13","","21.04.14","","","","","28.04.14","","1 AÑO, 0 MESES Y 20 DÍAS","1","0","20","12","8","4","2013","28","4","2014","2013/04/08","2014/04/28"
"121"," IGUALDAD DEL SUR ","09.04.13","09.01.15","","24.01.15","","07.09.15","","","","","07.09.15","","2 AÑOS, 4 MESES Y 27 DÍAS","2","4","27","28","9","4","2013","7","9","2015","2013/04/09","2015/09/07"
"122"," POR UN CHILE MÁS JUSTO","21.05.13","","","","","06.04.17","","","","","06.04.17","","3 AÑOS, 10 MESES Y 13 DÍAS","3","10","13","46","21","5","2013","6","4","2017","2013/05/21","2017/04/06"
"123"," PARTIDO OBRERO SOCIALISTA","18.07.13","28.08.13","","07.09.13","","21.04.14","","","","","13.10.14","","1 AÑO, 2 MESES Y 23 DÍAS ","1","2","23","14","18","7","2013","13","10","2014","2013/07/18","2014/10/13"
"124"," CIUDADANOS ","07.10.13","26.07.16","","30.08.16","","27.04.17","","06.09.16","","","27.04.17","","3 AÑOS, 6 MESES Y 20 DÍAS","3","6","20","42","7","10","2013","27","4","2017","2013/10/07","2017/04/27"
"125"," PARTIDO COPIHUE ","06.12.13","08.01.14","","23.01.14","","06.10.14","","","","","06.10.14","","0 AÑOS, 10 MESES Y 0 DÍAS","0","10","0","10","6","12","2013","6","10","2014","2013/12/06","2014/10/06"
"126"," DEMOCRACIA REGIONAL PATAGÓNICA ","19.12.13","22.06.15","","14.03.14","","","","03.07.15","","","20.02.18","","4 AÑOS, 2 MESES Y 1 DÍA","4","2","1","50","19","12","2013","20","2","2018","2013/12/19","2018/02/20"
"127"," AMPLITUD ","07.01.14","19.01.16","","","","","","19.03.16","","","11.05.18","","4 AÑOS, 0 MESES Y 4 DÍAS","4","0","4","48","7","1","2014","11","5","2018","2014/01/07","2018/05/11"
"128"," MOVIMIENTO AMPLIO SOCIAL DEL SUR","11.02.14","27.02.14","","","","10.10.14","","","","","17.10.14","","0 AÑOS, 8 MESES Y 6 DÍAS","0","8","6","8","11","2","2014","17","10","2014","2014/02/11","2014/10/17"
"129"," MAS REGIÓN Fusión de Movimiento Amplio Social y Fuerza del Norte","12.05.14","","","","","","","16.06.14","","","14.06.18","","4 AÑOS, 1 MES Y 2 DÍAS","4","1","2","49","12","5","2014","14","6","2018","2014/05/12","2018/06/14"
"130"," ALIANZA DEMOCRÁTICA NACIONAL (ADN)","14.10.14","","","04.03.15","","06.10.15","","","","","21.10.15","","1 AÑO, 0 MESES Y 7 DÍAS","1","0","7","12","14","10","2014","21","10","2015","2014/10/14","2015/10/21"
"131"," PARTIDO ORDEN REPUBLICANO POR MI PATRIA ","28.10.14","30.06.15","","23.07.15","","14.11.16","","11.11.15","","","14.11.16","","2 AÑOS, 0 MESES Y 11 DÍAS","2","0","11","24","28","10","2014","14","11","2016","2014/10/28","2016/11/14"
"132"," PODER CIUDADANO (PODER)","20.03.15","10.08.15","","14.09.15","","","","08.04.16","","","20.01.19","","3 AÑOS, 10 MESES Y 0 DÍAS","3","10","0","46","20","3","2015","20","1","2019","2015/03/20","2019/01/20"
"133"," PARTIDO REGIONALISTA DE MAGALLANES ","02.05.15","28.01.16","","13.08.15","","","","05.04.16","","","27.04.17","","1 AÑO, 11 MESES Y 25 DÍAS","1","11","25","23","2","5","2015","27","4","2017","2015/05/02","2017/04/27"
"134"," ANDHA CHILE","07.05.15","","","","","12.09.16","","15.02.16","","","16.10.18","","3 AÑOS, 5 MESES Y 9 DÍAS","3","5","9","41","7","5","2015","16","10","2018","2015/05/07","2018/10/16"
"135"," MOVIMIENTO INDEPENDIENTE REGIONALISTA AGRARIO Y SOCIAL","12.06.15","07.07.15","","24.07.15","","","","19.10.15","","","14.12.15","","0 AÑOS, 6 MESES Y 2 DÍAS","0","6","2","6","12","6","2015","14","12","2015","2015/06/12","2015/12/14"
"136"," UNIDOS RESULTA EN DEMOCRACIA","14.09.15","","","23.10.15","","","","20.06.16","","","27.04.17","","1 AÑO, 7 MESES Y 13 DÍAS","1","7","13","19","14","9","2015","27","4","2017","2015/09/14","2017/04/27"
"137"," UNIÓN PATRIÓTICA","14.09.15","16.09.15","","24.05.16","","03.02.22","","24.05.16","","","03.02.22","","6 AÑOS, 4 MESES Y 18 DÍAS","6","4","18","76","14","9","2015","3","2","2022","2015/09/14","2022/02/03"
"138"," TODOS","14.10.15","19.08.15","","11.11.15","","","","06.06.16","","","08.05.18","","2 AÑOS, 6 MESES Y 22 DÍAS","2","6","22","30","14","10","2015","8","5","2018","2015/10/14","2018/05/08"
"139"," SOMOS AYSÉN","23.10.15","","","","","","","22.06.16","","","25.04.17","","1 AÑO, 6 MESES Y 2 DÍAS","1","6","2","18","23","10","2015","25","4","2017","2015/10/23","2017/04/25"
"140"," FRENTE REGIONAL Y POPULAR","24.11.15","","","","","","","20.06.16","","","25.04.17","","1 AÑO, 5 MESES Y 1 DÍA","1","5","1","17","24","11","2015","25","4","2017","2015/11/24","2017/04/25"
"141"," PARTIDO VIENTOSUR","13.01.16","25.01.16","","15.02.16","","28.09.16","","18.02.16","","","28.09.16","","8 AÑOS, 8 MESES Y 15 DÍAS","8","8","15","104","13","1","2016","28","9","2016","2016/01/13","2016/09/28"
"142"," POR LA INTEGRACIÓN REGIONAL","13.01.16","02.06.16","","","","","","27.09.16","","","11.05.18","","2 AÑOS, 3 MESES Y 27 DÍAS","2","3","27","27","13","1","2016","11","5","2018","2016/01/13","2018/05/11"
"143"," PARTIDO MOVIMIENTO DE IZQUIERDA REVOLUCIONARIA ","18.01.16","28.01.16","","10.02.16","","12.09.16","","","","","12.09.16","","0 AÑOS, 7 MESES Y 23 DÍAS","0","7","23","7","18","1","2016","12","9","2016","2016/01/18","2016/09/12"
"144"," PARTIDO CONSTITUYENTE DE CHILE","26.01.16","06.04.16","","18.04.16","","24.11.16","","","","","24.11.16","","0 AÑOS, 9 MESES Y 27 DÍAS","0","9","27","9","26","1","2016","24","11","2016","2016/01/26","2016/11/24"
"145"," NUEVO TIEMPO","21.03.16","","","","","03.02.22","","10.07.19","","","03.02.22","","5 AÑOS, 10 MESES Y 9 DÍAS","5","10","9","70","21","3","2016","3","2","2022","2016/03/21","2022/02/03"
"146"," PAÍS ","03.09.16","22.05.17","","09.09.16","","","","27.07.17","","","15.12.17","","1 AÑO, 3 MESES Y 12 DÍAS","1","3","12","15","3","9","2016","15","12","2017","2016/09/03","2017/12/15"
"147"," PARTIDO AUTÓNOMO REGIONALISTA RAÍCES","07.09.16","07.11.16","","","","08.02.17","","","","","08.02.17","","0 AÑOS, 5 MESES Y 1 DÍA","0","5","1","5","7","9","2016","8","2","2017","2016/09/07","2017/02/08"
"148"," CONVERGENCIA NACIONAL DE CHILE","20.01.17","24.09.19","","","","18.02.20","","","","","11.10.20","","3 AÑOS, 8 MESES Y 20 DÍAS","3","8","20","44","20","1","2017","11","10","2020","2017/01/20","2020/10/11"
"149"," FEDERACIÓN REGIONALISTA VERDE SOCIAL","24.01.17","13.04.17","","","","","","25.04.17","","","","7 AÑOS, 4 MESES Y 11 DÍAS","","7","4","11","88","24","1","2017","","","","2017/01/24",""
"150"," UNIDAD SOCIAL POR LA ASAMBLEA CONSTITUYENTE","09.03.17","","","","","18.05.18","","","","","18.05.18","","1 AÑO, 2 MESES Y 9 DÍAS","1","2","9","14","9","3","2017","18","5","2018","2017/03/09","2018/05/18"
"151"," UNIDAD CRISTIANA NACIONAL ","25.03.17","","","","","27.03.20","","","","","27.03.20","","3 AÑOS, 0 MESES Y 2 DÍAS","3","0","2","36","25","3","2017","27","3","2020","2017/03/25","2020/03/27"
"152"," Movimiento por la Tierra, el Trabajo y la Libertad","27.03.17","08.04.17","","","","","","","","","","","","","","","0","27","3","2017","27","3","2017","2017/03/27","2017/03/27"
"153"," Partido Conciencia TEA y Discapacidad ","30.03.17","08.04.17","","","","","","","","","","","","","","","0","30","3","2017","30","3","2017","2017/03/30","2017/03/30"
"154"," PATRIOTAS POR CHILE","30.04.17","","","25.04.18","","03.08.21","","","","","03.08.21","","4 AÑOS, 3 MESES Y 2 DÍAS","4","3","2","51","30","4","2017","3","8","2021","2017/04/30","2021/08/03"
"155"," PAÍS PROGRESISTA Fusión de País y Progresista ","15.12.17","11.01.18","","23.02.18","","","","08.05.18","","","03.02.22","","4 AÑOS, 1 MES Y 16 DÍAS","4","1","16","49","15","12","2017","3","2","2022","2017/12/15","2022/02/03"
"156"," CIUDADANOS  Fusión de Ciudadanos y Todos","21.12.17","19.02.18","","","","27.04.17","","08.05.18","","","03.02.22","","4 AÑOS, 1 MES Y 10 DÍAS","4","1","10","49","21","12","2017","3","2","2022","2017/12/21","2022/02/03"
"157"," PARTIDO REGIONALISTA INDEPENDIENTE DEMÓCRATA Fusión de Partido Regionalista Independiente y Democracia Regional Patagónica ","27.12.17","","","20.02.18","","03.02.22","","","","","03.02.22","","4 AÑOS, 2 MESES Y 19 DÍAS","4","2","19","50","27","12","2017","3","2","2022","2017/12/27","2022/02/03"
"158"," IZQUIERDA ANTICAPITALISTA DE LOS TRABAJADORES","24.01.18","","","","","","","13.04.18","","","28.10.20","","2 AÑOS, 9 MESES Y 4 DÍAS","2","9","4","33","24","1","2018","28","10","2020","2018/01/24","2020/10/28"
"159"," PARTIDO LIBERTARIO DE CHILE","29.04.18","15.06.20","","20.08.20","","25.03.21","","","","","25.03.21","","2 AÑOS, 10 MESES Y 25 DÍAS","2","10","25","34","29","4","2018","25","3","2021","2018/04/29","2021/03/25"
"160"," MAS IZQUIERDA CIUDADANA Fusión de Mas Región e Izquierda Ciudadana","14.06.18","11.05.18","","","","","","13.08.18","","","19.03.19","","0 AÑOS, 9 MESES Y 5 DÍAS","0","9","5","9","14","6","2018","19","3","2019","2018/06/14","2019/03/19"
"161"," CONVERGENCIA SOCIAL (CS)","11.11.18","17.01.20","","04.03.20","","","","09.03.20","","","","5 AÑOS, 6 MESES Y 24 DÍAS","","5","6","24","66","11","11","2018","","","","2018/11/11",""
"162"," COMUNES","20.01.19","","","","","","","08.05.18","","","","5 AÑOS, 4 MESES Y 15 DÍAS","","5","4","15","64","20","1","2019","","","","2019/01/20",""
"163"," PARTIDO CHILE FEMINISTA","11.03.19","","","","","25.11.19","","","","","25.11.19","","0 AÑOS, 8 MESES Y 24 DÍAS","0","8","24","8","11","3","2019","25","11","2019","2019/03/11","2019/11/25"
"164"," LIBRES CHILE","25.03.19","","","","","20.06.23","","","","","20.06.23","","4 AÑOS, 2 MESES Y  21 DÍAS","4","2","21","50","25","3","2019","20","6","2023","2019/03/25","2023/06/20"
"165","  PARTIDO NACIONAL CIUDADANO ","17.05.19","","","","","03.02.22","","13.04.20","","","03.02.22","","2 AÑOS, 8 MESES Y 14 DÍAS","2","8","14","32","17","5","2019","3","2","2022","2019/05/17","2022/02/03"
"166"," PARTIDO REPUBLICANO DE CHILE (PLR)","10.06.19","21.11.19","","21.01.20","","","","23.01.20","","","","4 AÑOS, 11 MESES Y 25 DÍAS","","4","11","25","59","10","6","2019","","","","2019/06/10",""
"167"," FUERZA NACIONAL ","17.06.19","11.07.19","","","","13.02.20","","","","","03.12.21","","2 AÑOS, 5 MESES Y 15 DÍAS","2","5","15","29","17","6","2019","3","12","2021","2019/06/17","2021/12/03"
"168"," PARTIDO DE TRABAJADORES UNIDOS (PTU)","20.06.19","","","","","26.03.20","","","","","26.03.20","","0 AÑOS, 9 MESES Y 6 DÍAS","0","9","6","9","20","6","2019","26","3","2020","2019/06/20","2020/03/26"
"169"," NUEVA CLASE MEDIA","20.07.19","13.04.20","","","","","","16.04.20","","","22.10.20","","1 AÑO, 3 MESES Y 2 DÍAS","1","3","2","15","20","7","2019","22","10","2020","2019/07/20","2020/10/22"
"170"," UNIDOS EN LA FE","10.09.19","17.02.20","","","","","","","","","11.10.20","","1 AÑO, 1 MES Y 1 DÍA","1","1","1","13","10","9","2019","11","10","2020","2019/09/10","2020/10/11"
"171"," PARTIDO ALTERNATIVA FEMINISTA","18.10.19","28.01.20","","","","","","14.02.20","","","15.01.21","","1 AÑO, 2 MESES Y 25 DÍAS","1","2","25","14","18","10","2019","15","1","2021","2019/10/18","2021/01/15"
"172"," DEMÓCRATA","23.11.19","29.05.20","","11.08.20","","15.03.21","","","","","15.03.21","","1 AÑO, 3 MESES Y 21 DÍAS","1","3","21","15","23","11","2019","15","3","2021","2019/11/23","2021/03/15"
"173"," FUERZA CULTURAL","28.11.19","16.09.20","","04.11.20","","","","","","","","","","","","","0","28","11","2019","28","11","2019","2019/11/28","2019/11/28"
"174"," MOVIMIENTO INDEPENDIENTES DEL NORTE","11.12.19","30.01.20","","04.03.20","","27.10.20","","","","","27.10.20","","0 AÑOS, 10 MESES Y 16 DÍAS","0","10","16","10","11","12","2019","27","10","2020","2019/12/11","2020/10/27"
"175"," PARTIDO DE LA GENTE (PDG)","13.12.19","28.05.21","","","","","","26.07.21","","","","4 AÑOS, 5 MESES Y 21 DÍAS","","4","5","21","53","13","12","2019","","","","2019/12/13",""
"176"," PARTIDO MOVIMIENTO DE TRABAJADORES Y LA ECOLOGÍA","06.01.20","","","","","20.04.20","","","","","20.04.20","","0 AÑOS, 3 MESES Y 14 DÍAS","0","3","14","3","6","1","2020","20","4","2020","2020/01/06","2020/04/20"
"177"," PARTIDO CONSERVADOR CRISTIANO ","15.01.20","13.03.20","","26.03.20","","03.02.22","","20.10.20","","","03.02.22","","2 AÑOS, 0 MESES Y 17 DÍAS","2","0","17","24","15","1","2020","3","2","2022","2020/01/15","2022/02/03"
"178"," PARTIDO POR LA DIGNIDAD","20.01.20","","","","","05.10.20","","","","","05.10.20","","0 AÑOS, 8 MESES Y 14 DÍAS","0","8","14","8","20","1","2020","5","10","2020","2020/01/20","2020/10/05"
"179"," PARTIDO CON TODOS","30.01.20","18.02.20","","28.02.20","","01.10.20","","","","","01.10.20","","0 AÑOS, 8 MESES Y 0 DÍAS","0","8","0","8","30","1","2020","1","10","2020","2020/01/30","2020/10/01"
"180"," FUERZA COMÚN ","13.02.20","25.02.20","","28.02.20","","01.10.20","","","","","24.09.22","","2 AÑOS, 7 MESES Y 11 DÍAS","2","7","11","31","13","2","2020","24","9","2022","2020/02/13","2022/09/24"
"181"," PARTIDO POR LA REPRESENTACIÓN CIUDADANA","04.04.20","","","","","","","","","","","","","","","","0","4","4","2020","4","4","2020","2020/04/04","2020/04/04"
"182"," PARTIDO ACCIÓN HUMANISTA (AH)","30.07.20","22.03.22","","30.09.22","","","","09.12.22","","","","3 AÑOS, 10 MESES Y 4 DÍAS","","3","10","4","46","30","7","2020","","","","2020/07/30",""
"183"," POR EL BUEN VIVIR DE CHILE","06.08.20","","","10.09.20","","","","","","","","","","3","9","4","45","6","8","2020","","","","2020/08/06",""
"184"," PARTIDO NACIONAL INDEPENDIENTE DE CHILE (PNI)","23.08.20","10.10.20","","","","","","","","","","","","3","8","25","44","23","8","2020","23","","","",""
"185"," CENTRO UNIDO","28.11.20","23.02.21","","17.06.21","","03.02.22","","11.08.21","","","03.02.22","","1 AÑO, 2 MESES Y 4 DÍAS","1","2","4","14","28","11","2020","3","2","2022","2020/11/28","2022/02/03"
"186"," PARTIDO FUERZA POPULAR DE CHILE","14.02.22","","","","","11.01.23","","","","","11.01.23","","0 AÑOS, 10 MESES Y 26 DÍAS","0","10","26","10","14","2","2022","11","1","2023","2022/02/14","2023/01/11"
"187"," MOVIMIENTO AMARILLOS POR CHILE","18.02.22","","","29.06.23","","","","30.06.23","","","","2 AÑOS, 3 MESES Y 17 DÍAS","","2","3","17","27","18","2","2022","","","","2022/02/18",""
"188"," PARTIDO FUERZA DE LA MUCHEDUMBRE","02.05.22","27.10.22","","","","20.06.23","","","","","20.06.23","","1 AÑO, 1 MES Y 18 DÍAS","1","1","18","13","2","5","2022","20","6","2023","2022/05/02","2023/06/20"
"189"," TRANSFORMAR CHILE","10.06.22","11.10.23","","","","","","","","","","","","","","","0","10","6","2022","","","","2022/06/10",""
"190"," PARTIDO FUERZA DE CENTRO","28.07.22","","","","","","","","","","","","","","","","0","28","7","2022","","","","2022/07/28",""
"191"," PARTIDO SOCIAL CRISTIANO","21.09.22","08.11.22","","09.02.23","","","","11.05.23","","","","1 AÑO, 8 MESES Y 14 DÍAS","","1","8","14","20","21","9","2022","","","","2022/09/21",""
"192"," SENTIDO COMÚN","01.10.22","","","","","","","12.10.23","","","17.05.24","","1 AÑO, 7 MESES Y 16 DÍAS","1","7","16","19","1","10","2022","17","5","2024","2022/10/01","2024/05/17"
"193"," PARTIDO VANGUARDIA PATRIOTA (PVP)","11.10.22","14.11.22","","","","","","","","","","","","","","","0","11","10","2022","","","2000","2022/10/11","1999/11/30"
"194"," PATRIA PROGRESISTA ","21.10.22","","","29.08.23","","","","31.08.23","","","12.04.24","1 AÑO, 7 MESES Y 13 DÍAS","1 AÑO, 5 MESES YY 19 DÍAS","1","5","19","17","21","10","2022","12","4","2024","2022/10/21","2024/04/12"
"195"," PARTIDO DEMÓCRATAS CHILE (D)","02.11.22","04.11.22","","21.11.22","","","","28.07.23","","","","1 AÑO, 7 MESES Y 4 DÍAS","","1","7","4","19","2","11","2022","","","","2022/11/02",""
"196","  PARTIDO ALIANZA VERDE POPULAR ","07.11.22","","","29.08.23","","","","31.08.23","","","","1 AÑO, 6 MESES Y 28 DÍAS","","1","6","28","18","7","11","2022","","","","2022/11/07",""
"197"," PARTIDO POPULAR ","19.12.22","","","29.09.23","","","","03.10.23","","","","1 AÑO, 5 MESES Y 15 DÍAS","","1","5","15","17","19","12","2022","","","","2022/12/19",""
"198"," MEJOR REGIÓN ","06.01.23","","","","","13.11.23","","","","","13.11.23","","0 AÑOS, 10 MESES Y 7 DÍAS","0","10","7","10","6","1","2023","13","11","2023","2023/01/06","2023/11/13"
"199"," AVANCEMOS CHILE ","24.02.23","","","","","11.04.24","","","","","18.04.24","","1 AÑO, 1 MES Y 23 DÍAS","1","1","23","13","24","2","2023","18","4","2024","2023/02/24","2024/04/18"
"200"," FRENTE AMPLIO","05.10.23","08.04.24","","","","","","","","","","","","","","","0","5","10","2023","","","","2023/10/05",""
"201"," UNIDOS","08.10.23","","","","","04.04.24","","","","","04.04.24","","0 AÑOS, 5 MESES Y 24 DÍAS","0","5","24","5","8","10","2023","4","4","2024","2023/10/08","2024/04/04"
"202"," MOVIMIENTO VERDE CIUDADANO (MOVER)","16.11.23","","","","","","","","","","","","","","","","0","16","11","2023","","","","2023/11/16",""
"203"," PARTIDO VERDE","12.12.23","","","","","","","","","","","","","","","","0","12","12","2023","","","","2023/12/12",""
"204"," PARTIDO SOLIDARIDAD PARA CHILE (PSOL)","20.12.23","22.12.23","","13.02.24","","","","","","","","","","","","","0","20","12","2023","","","","2023/12/20",""
